{
    "portfolio": {
        "type": "2",
        "salePosition": "N",
        "values": {
            "99": 0.73444,
            "aUS": 0.11701,
            "cAN": 0.66102,
            "nZL": 0.03649,
            "bEL": 1.59525,
            "dEU": 7.52098,
            "eSP": 2.82316,
            "fRA": 6.6025,
            "gBR": 14.17222,
            "iND": 6.87921,
            "iTA": 1.64372,
            "jPN": 2.95445,
            "nLD": 2.53015,
            "uSA": 51.7293
        }
    },
    "benchmark": {
        "type": "2",
        "salePosition": "N",
        "values": {
            "99": 0.94111,
            "aUS": 0.03036,
            "fRA": 9.65392,
            "gBR": 3.18761,
            "iND": 0,
            "iRL": 0.85003,
            "nLD": 4.55373,
            "nOR": 6.34487,
            "uSA": 74.43837
        }
    }
}
