{
    "portfolio": {
        "prospectiveEarningsYield": 19.46527,
        "prospectiveBookValueYield": 3.0437,
        "prospectiveCashFlowYield": 14.67762,
        "prospectiveRevenueYield": 2.60577,
        "PriceBook": 1.37375337,
        "PriceCashFlow": 7.43423703,
        "PriceEarnings": 11.19976804,
        "PriceSales": 1.03639848,
        "DebtCapital": 39.98816017,
        "NetMargin": 14.9181137,
        "ROA": 6.77104036,
        "ROE": 18.82830188
    },
    "benchmark": {
        "equityWeighting": 93.68134,
        "equityWeightingLong": 93.80115,
        "marketCapital": 140482.39025,
        "prospectiveEarningsYield": 16.06189,
        "prospectiveBookValueYield": 2.69622,
        "prospectiveCashFlowYield": 10.06219,
        "prospectiveRevenueYield": 1.86583,
        "PriceBook": 3.51692,
        "PriceCashFlow": 14.63272,
        "PriceEarnings": 18.82176,
        "PriceSales": 2.25043,
        "DebtCapital": 42.25015,
        "NetMargin": 17.71919,
        "ROA": 10.72313,
        "ROE": 29.62747
    }
}